MCE22AIM007,Artificial Intelligence and Machine Learning,BASICS OF ELECTRICAL AND ELECTRONICS ENGINEERING ( EST130 ) 
MCE22AIM012,Artificial Intelligence and Machine Learning,BASICS OF ELECTRICAL AND ELECTRONICS ENGINEERING ( EST130 ) 
MCE22AIM013,Artificial Intelligence and Machine Learning,BASICS OF ELECTRICAL AND ELECTRONICS ENGINEERING ( EST130 ) 
MCE22AIM024,Artificial Intelligence and Machine Learning,BASICS OF ELECTRICAL AND ELECTRONICS ENGINEERING ( EST130 ) 
MCE22AIM027,Artificial Intelligence and Machine Learning,BASICS OF ELECTRICAL AND ELECTRONICS ENGINEERING ( EST130 ) 
MCE22AIM028,Artificial Intelligence and Machine Learning,BASICS OF ELECTRICAL AND ELECTRONICS ENGINEERING ( EST130 ) 
MCE22AIM036,Artificial Intelligence and Machine Learning,BASICS OF ELECTRICAL AND ELECTRONICS ENGINEERING ( EST130 ) 
MCE22AIM045,Artificial Intelligence and Machine Learning,BASICS OF ELECTRICAL AND ELECTRONICS ENGINEERING ( EST130 ) 
MCE22AIM048,Artificial Intelligence and Machine Learning,BASICS OF ELECTRICAL AND ELECTRONICS ENGINEERING ( EST130 ) 
MCE22AIM054,Artificial Intelligence and Machine Learning,BASICS OF ELECTRICAL AND ELECTRONICS ENGINEERING ( EST130 ) 
MCE23AIM001,Artificial Intelligence and Machine Learning,BASICS OF ELECTRICAL AND ELECTRONICS ENGINEERING ( EST130 ) 
MCE23AIM002,Artificial Intelligence and Machine Learning,BASICS OF ELECTRICAL AND ELECTRONICS ENGINEERING ( EST130 ) 
MCE23AIM003,Artificial Intelligence and Machine Learning,BASICS OF ELECTRICAL AND ELECTRONICS ENGINEERING ( EST130 ) 
MCE23AIM004,Artificial Intelligence and Machine Learning,BASICS OF ELECTRICAL AND ELECTRONICS ENGINEERING ( EST130 ) 
MCE23AIM005,Artificial Intelligence and Machine Learning,BASICS OF ELECTRICAL AND ELECTRONICS ENGINEERING ( EST130 ) 
MCE23AIM006,Artificial Intelligence and Machine Learning,BASICS OF ELECTRICAL AND ELECTRONICS ENGINEERING ( EST130 ) 
MCE23AIM007,Artificial Intelligence and Machine Learning,BASICS OF ELECTRICAL AND ELECTRONICS ENGINEERING ( EST130 ) 
MCE23AIM008,Artificial Intelligence and Machine Learning,BASICS OF ELECTRICAL AND ELECTRONICS ENGINEERING ( EST130 ) 
MCE23AIM009,Artificial Intelligence and Machine Learning,BASICS OF ELECTRICAL AND ELECTRONICS ENGINEERING ( EST130 ) 
MCE23AIM010,Artificial Intelligence and Machine Learning,BASICS OF ELECTRICAL AND ELECTRONICS ENGINEERING ( EST130 ) 
MCE23AIM011,Artificial Intelligence and Machine Learning,BASICS OF ELECTRICAL AND ELECTRONICS ENGINEERING ( EST130 ) 
MCE23AIM012,Artificial Intelligence and Machine Learning,BASICS OF ELECTRICAL AND ELECTRONICS ENGINEERING ( EST130 ) 
MCE23AIM013,Artificial Intelligence and Machine Learning,BASICS OF ELECTRICAL AND ELECTRONICS ENGINEERING ( EST130 ) 
MCE23AIM014,Artificial Intelligence and Machine Learning,BASICS OF ELECTRICAL AND ELECTRONICS ENGINEERING ( EST130 ) 
MCE23AIM015,Artificial Intelligence and Machine Learning,BASICS OF ELECTRICAL AND ELECTRONICS ENGINEERING ( EST130 ) 
MCE23AIM016,Artificial Intelligence and Machine Learning,BASICS OF ELECTRICAL AND ELECTRONICS ENGINEERING ( EST130 ) 
MCE23AIM017,Artificial Intelligence and Machine Learning,BASICS OF ELECTRICAL AND ELECTRONICS ENGINEERING ( EST130 ) 
MCE23AIM018,Artificial Intelligence and Machine Learning,BASICS OF ELECTRICAL AND ELECTRONICS ENGINEERING ( EST130 ) 
MCE23AIM019,Artificial Intelligence and Machine Learning,BASICS OF ELECTRICAL AND ELECTRONICS ENGINEERING ( EST130 ) 
MCE23AIM020,Artificial Intelligence and Machine Learning,BASICS OF ELECTRICAL AND ELECTRONICS ENGINEERING ( EST130 ) 
MCE23AIM021,Artificial Intelligence and Machine Learning,BASICS OF ELECTRICAL AND ELECTRONICS ENGINEERING ( EST130 ) 
MCE23AIM022,Artificial Intelligence and Machine Learning,BASICS OF ELECTRICAL AND ELECTRONICS ENGINEERING ( EST130 ) 
MCE23AIM023,Artificial Intelligence and Machine Learning,BASICS OF ELECTRICAL AND ELECTRONICS ENGINEERING ( EST130 ) 
MCE23AIM024,Artificial Intelligence and Machine Learning,BASICS OF ELECTRICAL AND ELECTRONICS ENGINEERING ( EST130 ) 
MCE23AIM025,Artificial Intelligence and Machine Learning,BASICS OF ELECTRICAL AND ELECTRONICS ENGINEERING ( EST130 ) 
MCE23AIM026,Artificial Intelligence and Machine Learning,BASICS OF ELECTRICAL AND ELECTRONICS ENGINEERING ( EST130 ) 
MCE23AIM027,Artificial Intelligence and Machine Learning,BASICS OF ELECTRICAL AND ELECTRONICS ENGINEERING ( EST130 ) 
MCE23AIM028,Artificial Intelligence and Machine Learning,BASICS OF ELECTRICAL AND ELECTRONICS ENGINEERING ( EST130 ) 
MCE23AIM029,Artificial Intelligence and Machine Learning,BASICS OF ELECTRICAL AND ELECTRONICS ENGINEERING ( EST130 ) 
MCE23AIM030,Artificial Intelligence and Machine Learning,BASICS OF ELECTRICAL AND ELECTRONICS ENGINEERING ( EST130 ) 
MCE23AIM031,Artificial Intelligence and Machine Learning,BASICS OF ELECTRICAL AND ELECTRONICS ENGINEERING ( EST130 ) 
MCE23AIM032,Artificial Intelligence and Machine Learning,BASICS OF ELECTRICAL AND ELECTRONICS ENGINEERING ( EST130 ) 
MCE23AIM033,Artificial Intelligence and Machine Learning,BASICS OF ELECTRICAL AND ELECTRONICS ENGINEERING ( EST130 ) 
MCE23AIM034,Artificial Intelligence and Machine Learning,BASICS OF ELECTRICAL AND ELECTRONICS ENGINEERING ( EST130 ) 
MCE23AIM035,Artificial Intelligence and Machine Learning,BASICS OF ELECTRICAL AND ELECTRONICS ENGINEERING ( EST130 ) 
MCE23AIM036,Artificial Intelligence and Machine Learning,BASICS OF ELECTRICAL AND ELECTRONICS ENGINEERING ( EST130 ) 
MCE23AIM037,Artificial Intelligence and Machine Learning,BASICS OF ELECTRICAL AND ELECTRONICS ENGINEERING ( EST130 ) 
MCE23AIM038,Artificial Intelligence and Machine Learning,BASICS OF ELECTRICAL AND ELECTRONICS ENGINEERING ( EST130 ) 
MCE23AIM039,Artificial Intelligence and Machine Learning,BASICS OF ELECTRICAL AND ELECTRONICS ENGINEERING ( EST130 ) 
MCE23AIM040,Artificial Intelligence and Machine Learning,BASICS OF ELECTRICAL AND ELECTRONICS ENGINEERING ( EST130 ) 
MCE23AIM041,Artificial Intelligence and Machine Learning,BASICS OF ELECTRICAL AND ELECTRONICS ENGINEERING ( EST130 ) 
MCE23AIM042,Artificial Intelligence and Machine Learning,BASICS OF ELECTRICAL AND ELECTRONICS ENGINEERING ( EST130 ) 
MCE23AIM043,Artificial Intelligence and Machine Learning,BASICS OF ELECTRICAL AND ELECTRONICS ENGINEERING ( EST130 ) 
MCE23AIM044,Artificial Intelligence and Machine Learning,BASICS OF ELECTRICAL AND ELECTRONICS ENGINEERING ( EST130 ) 
MCE23AIM045,Artificial Intelligence and Machine Learning,BASICS OF ELECTRICAL AND ELECTRONICS ENGINEERING ( EST130 ) 
MCE23AIM046,Artificial Intelligence and Machine Learning,BASICS OF ELECTRICAL AND ELECTRONICS ENGINEERING ( EST130 ) 
MCE23AIM047,Artificial Intelligence and Machine Learning,BASICS OF ELECTRICAL AND ELECTRONICS ENGINEERING ( EST130 ) 
MCE23AIM048,Artificial Intelligence and Machine Learning,BASICS OF ELECTRICAL AND ELECTRONICS ENGINEERING ( EST130 ) 
MCE23AIM049,Artificial Intelligence and Machine Learning,BASICS OF ELECTRICAL AND ELECTRONICS ENGINEERING ( EST130 ) 
MCE23AIM050,Artificial Intelligence and Machine Learning,BASICS OF ELECTRICAL AND ELECTRONICS ENGINEERING ( EST130 ) 
MCE23AIM051,Artificial Intelligence and Machine Learning,BASICS OF ELECTRICAL AND ELECTRONICS ENGINEERING ( EST130 ) 
MCE23AIM052,Artificial Intelligence and Machine Learning,BASICS OF ELECTRICAL AND ELECTRONICS ENGINEERING ( EST130 ) 
MCE23AIM053,Artificial Intelligence and Machine Learning,BASICS OF ELECTRICAL AND ELECTRONICS ENGINEERING ( EST130 ) 
MCE23AIM054,Artificial Intelligence and Machine Learning,BASICS OF ELECTRICAL AND ELECTRONICS ENGINEERING ( EST130 ) 
MCE23AIM055,Artificial Intelligence and Machine Learning,BASICS OF ELECTRICAL AND ELECTRONICS ENGINEERING ( EST130 ) 
MCE23AIM056,Artificial Intelligence and Machine Learning,BASICS OF ELECTRICAL AND ELECTRONICS ENGINEERING ( EST130 ) 
MCE23AIM057,Artificial Intelligence and Machine Learning,BASICS OF ELECTRICAL AND ELECTRONICS ENGINEERING ( EST130 ) 
MCE23AIM058,Artificial Intelligence and Machine Learning,BASICS OF ELECTRICAL AND ELECTRONICS ENGINEERING ( EST130 ) 
MCE23AIM059,Artificial Intelligence and Machine Learning,BASICS OF ELECTRICAL AND ELECTRONICS ENGINEERING ( EST130 ) 
MCE23AIM060,Artificial Intelligence and Machine Learning,BASICS OF ELECTRICAL AND ELECTRONICS ENGINEERING ( EST130 ) 
MCE23AIM061,Artificial Intelligence and Machine Learning,BASICS OF ELECTRICAL AND ELECTRONICS ENGINEERING ( EST130 ) 
MCE23AIM062,Artificial Intelligence and Machine Learning,BASICS OF ELECTRICAL AND ELECTRONICS ENGINEERING ( EST130 ) 
MCE23AIM063,Artificial Intelligence and Machine Learning,BASICS OF ELECTRICAL AND ELECTRONICS ENGINEERING ( EST130 ) 
MCE19CE008,CIVIL ENGINEERING,BASICS OF ELECTRICAL AND ELECTRONICS ENGINEERING ( EST130 ) 
MCE19CE010,CIVIL ENGINEERING,BASICS OF ELECTRICAL AND ELECTRONICS ENGINEERING ( EST130 ) 
MCE19CE017,CIVIL ENGINEERING,BASICS OF ELECTRICAL AND ELECTRONICS ENGINEERING ( EST130 ) 
MCE19CE020,CIVIL ENGINEERING,BASICS OF ELECTRICAL AND ELECTRONICS ENGINEERING ( EST130 ) 
MCE20CE018,CIVIL ENGINEERING,BASICS OF ELECTRICAL AND ELECTRONICS ENGINEERING ( EST130 ) 
MCE20CE025,CIVIL ENGINEERING,BASICS OF ELECTRICAL AND ELECTRONICS ENGINEERING ( EST130 ) 
MCE21CE009,CIVIL ENGINEERING,BASICS OF ELECTRICAL AND ELECTRONICS ENGINEERING ( EST130 ) 
MCE21CE010,CIVIL ENGINEERING,BASICS OF ELECTRICAL AND ELECTRONICS ENGINEERING ( EST130 ) 
MCE21CE014,CIVIL ENGINEERING,BASICS OF ELECTRICAL AND ELECTRONICS ENGINEERING ( EST130 ) 
MCE21CE030,CIVIL ENGINEERING,BASICS OF ELECTRICAL AND ELECTRONICS ENGINEERING ( EST130 ) 
MCE21CE054,CIVIL ENGINEERING,BASICS OF ELECTRICAL AND ELECTRONICS ENGINEERING ( EST130 ) 
MCE21CE059,CIVIL ENGINEERING,BASICS OF ELECTRICAL AND ELECTRONICS ENGINEERING ( EST130 ) 
MCE22EC001,ELECTRONICS & COMMUNICATION ENGG,BASICS OF ELECTRICAL AND ELECTRONICS ENGINEERING ( EST130 ) 
MCE22EC002,ELECTRONICS & COMMUNICATION ENGG,BASICS OF ELECTRICAL AND ELECTRONICS ENGINEERING ( EST130 ) 
MCE22EC003,ELECTRONICS & COMMUNICATION ENGG,BASICS OF ELECTRICAL AND ELECTRONICS ENGINEERING ( EST130 ) 
MCE22EC008,ELECTRONICS & COMMUNICATION ENGG,BASICS OF ELECTRICAL AND ELECTRONICS ENGINEERING ( EST130 ) 
MCE22EC010,ELECTRONICS & COMMUNICATION ENGG,BASICS OF ELECTRICAL AND ELECTRONICS ENGINEERING ( EST130 ) 
MCE22EC021,ELECTRONICS & COMMUNICATION ENGG,BASICS OF ELECTRICAL AND ELECTRONICS ENGINEERING ( EST130 ) 
MCE22EC022,ELECTRONICS & COMMUNICATION ENGG,BASICS OF ELECTRICAL AND ELECTRONICS ENGINEERING ( EST130 ) 
MCE22EC024,ELECTRONICS & COMMUNICATION ENGG,BASICS OF ELECTRICAL AND ELECTRONICS ENGINEERING ( EST130 ) 
MCE22EC025,ELECTRONICS & COMMUNICATION ENGG,BASICS OF ELECTRICAL AND ELECTRONICS ENGINEERING ( EST130 ) 
MCE22EC027,ELECTRONICS & COMMUNICATION ENGG,BASICS OF ELECTRICAL AND ELECTRONICS ENGINEERING ( EST130 ) 
MCE22EC028,ELECTRONICS & COMMUNICATION ENGG,BASICS OF ELECTRICAL AND ELECTRONICS ENGINEERING ( EST130 ) 
MCE22EC031,ELECTRONICS & COMMUNICATION ENGG,BASICS OF ELECTRICAL AND ELECTRONICS ENGINEERING ( EST130 ) 
MCE22EC032,ELECTRONICS & COMMUNICATION ENGG,BASICS OF ELECTRICAL AND ELECTRONICS ENGINEERING ( EST130 ) 
MCE22EC034,ELECTRONICS & COMMUNICATION ENGG,BASICS OF ELECTRICAL AND ELECTRONICS ENGINEERING ( EST130 ) 
MCE22EC038,ELECTRONICS & COMMUNICATION ENGG,BASICS OF ELECTRICAL AND ELECTRONICS ENGINEERING ( EST130 ) 
MCE22EC042,ELECTRONICS & COMMUNICATION ENGG,BASICS OF ELECTRICAL AND ELECTRONICS ENGINEERING ( EST130 ) 
MCE22EC045,ELECTRONICS & COMMUNICATION ENGG,BASICS OF ELECTRICAL AND ELECTRONICS ENGINEERING ( EST130 ) 
MCE22EC051,ELECTRONICS & COMMUNICATION ENGG,BASICS OF ELECTRICAL AND ELECTRONICS ENGINEERING ( EST130 ) 
MCE22EC052,ELECTRONICS & COMMUNICATION ENGG,BASICS OF ELECTRICAL AND ELECTRONICS ENGINEERING ( EST130 ) 
MCE22EC053,ELECTRONICS & COMMUNICATION ENGG,BASICS OF ELECTRICAL AND ELECTRONICS ENGINEERING ( EST130 ) 
MCE22EC055,ELECTRONICS & COMMUNICATION ENGG,BASICS OF ELECTRICAL AND ELECTRONICS ENGINEERING ( EST130 ) 
MCE22EC058,ELECTRONICS & COMMUNICATION ENGG,BASICS OF ELECTRICAL AND ELECTRONICS ENGINEERING ( EST130 ) 
MCE23EC001,ELECTRONICS & COMMUNICATION ENGG,BASICS OF ELECTRICAL AND ELECTRONICS ENGINEERING ( EST130 ) 
MCE23EC002,ELECTRONICS & COMMUNICATION ENGG,BASICS OF ELECTRICAL AND ELECTRONICS ENGINEERING ( EST130 ) 
MCE23EC003,ELECTRONICS & COMMUNICATION ENGG,BASICS OF ELECTRICAL AND ELECTRONICS ENGINEERING ( EST130 ) 
MCE23EC004,ELECTRONICS & COMMUNICATION ENGG,BASICS OF ELECTRICAL AND ELECTRONICS ENGINEERING ( EST130 ) 
MCE23EC005,ELECTRONICS & COMMUNICATION ENGG,BASICS OF ELECTRICAL AND ELECTRONICS ENGINEERING ( EST130 ) 
MCE23EC006,ELECTRONICS & COMMUNICATION ENGG,BASICS OF ELECTRICAL AND ELECTRONICS ENGINEERING ( EST130 ) 
MCE23EC008,ELECTRONICS & COMMUNICATION ENGG,BASICS OF ELECTRICAL AND ELECTRONICS ENGINEERING ( EST130 ) 
MCE23EC009,ELECTRONICS & COMMUNICATION ENGG,BASICS OF ELECTRICAL AND ELECTRONICS ENGINEERING ( EST130 ) 
MCE23EC010,ELECTRONICS & COMMUNICATION ENGG,BASICS OF ELECTRICAL AND ELECTRONICS ENGINEERING ( EST130 ) 
MCE23EC011,ELECTRONICS & COMMUNICATION ENGG,BASICS OF ELECTRICAL AND ELECTRONICS ENGINEERING ( EST130 ) 
MCE23EC012,ELECTRONICS & COMMUNICATION ENGG,BASICS OF ELECTRICAL AND ELECTRONICS ENGINEERING ( EST130 ) 
MCE23EC013,ELECTRONICS & COMMUNICATION ENGG,BASICS OF ELECTRICAL AND ELECTRONICS ENGINEERING ( EST130 ) 
MCE23EC014,ELECTRONICS & COMMUNICATION ENGG,BASICS OF ELECTRICAL AND ELECTRONICS ENGINEERING ( EST130 ) 
MCE23EC015,ELECTRONICS & COMMUNICATION ENGG,BASICS OF ELECTRICAL AND ELECTRONICS ENGINEERING ( EST130 ) 
MCE23EC016,ELECTRONICS & COMMUNICATION ENGG,BASICS OF ELECTRICAL AND ELECTRONICS ENGINEERING ( EST130 ) 
MCE23EC017,ELECTRONICS & COMMUNICATION ENGG,BASICS OF ELECTRICAL AND ELECTRONICS ENGINEERING ( EST130 ) 
MCE23EC018,ELECTRONICS & COMMUNICATION ENGG,BASICS OF ELECTRICAL AND ELECTRONICS ENGINEERING ( EST130 ) 
MCE23EC019,ELECTRONICS & COMMUNICATION ENGG,BASICS OF ELECTRICAL AND ELECTRONICS ENGINEERING ( EST130 ) 
MCE23EC020,ELECTRONICS & COMMUNICATION ENGG,BASICS OF ELECTRICAL AND ELECTRONICS ENGINEERING ( EST130 ) 
MCE23EC021,ELECTRONICS & COMMUNICATION ENGG,BASICS OF ELECTRICAL AND ELECTRONICS ENGINEERING ( EST130 ) 
MCE23EC022,ELECTRONICS & COMMUNICATION ENGG,BASICS OF ELECTRICAL AND ELECTRONICS ENGINEERING ( EST130 ) 
MCE23EC023,ELECTRONICS & COMMUNICATION ENGG,BASICS OF ELECTRICAL AND ELECTRONICS ENGINEERING ( EST130 ) 
MCE23EC024,ELECTRONICS & COMMUNICATION ENGG,BASICS OF ELECTRICAL AND ELECTRONICS ENGINEERING ( EST130 ) 
MCE23EC025,ELECTRONICS & COMMUNICATION ENGG,BASICS OF ELECTRICAL AND ELECTRONICS ENGINEERING ( EST130 ) 
MCE23EC026,ELECTRONICS & COMMUNICATION ENGG,BASICS OF ELECTRICAL AND ELECTRONICS ENGINEERING ( EST130 ) 
MCE23EC027,ELECTRONICS & COMMUNICATION ENGG,BASICS OF ELECTRICAL AND ELECTRONICS ENGINEERING ( EST130 ) 
MCE23EC028,ELECTRONICS & COMMUNICATION ENGG,BASICS OF ELECTRICAL AND ELECTRONICS ENGINEERING ( EST130 ) 
MCE23EC029,ELECTRONICS & COMMUNICATION ENGG,BASICS OF ELECTRICAL AND ELECTRONICS ENGINEERING ( EST130 ) 
MCE23EC030,ELECTRONICS & COMMUNICATION ENGG,BASICS OF ELECTRICAL AND ELECTRONICS ENGINEERING ( EST130 ) 
MCE23EC031,ELECTRONICS & COMMUNICATION ENGG,BASICS OF ELECTRICAL AND ELECTRONICS ENGINEERING ( EST130 ) 
MCE23EC032,ELECTRONICS & COMMUNICATION ENGG,BASICS OF ELECTRICAL AND ELECTRONICS ENGINEERING ( EST130 ) 
MCE23EC033,ELECTRONICS & COMMUNICATION ENGG,BASICS OF ELECTRICAL AND ELECTRONICS ENGINEERING ( EST130 ) 
MCE23EC034,ELECTRONICS & COMMUNICATION ENGG,BASICS OF ELECTRICAL AND ELECTRONICS ENGINEERING ( EST130 ) 
MCE23EC035,ELECTRONICS & COMMUNICATION ENGG,BASICS OF ELECTRICAL AND ELECTRONICS ENGINEERING ( EST130 ) 
MCE23EC036,ELECTRONICS & COMMUNICATION ENGG,BASICS OF ELECTRICAL AND ELECTRONICS ENGINEERING ( EST130 ) 
MCE23EC038,ELECTRONICS & COMMUNICATION ENGG,BASICS OF ELECTRICAL AND ELECTRONICS ENGINEERING ( EST130 ) 
MCE23EC039,ELECTRONICS & COMMUNICATION ENGG,BASICS OF ELECTRICAL AND ELECTRONICS ENGINEERING ( EST130 ) 
MCE23EC040,ELECTRONICS & COMMUNICATION ENGG,BASICS OF ELECTRICAL AND ELECTRONICS ENGINEERING ( EST130 ) 
MCE22ECE001,Electronics and Computer Engineering,BASICS OF ELECTRICAL AND ELECTRONICS ENGINEERING ( EST130 ) 
MCE22ECE002,Electronics and Computer Engineering,BASICS OF ELECTRICAL AND ELECTRONICS ENGINEERING ( EST130 ) 
MCE22ECE013,Electronics and Computer Engineering,BASICS OF ELECTRICAL AND ELECTRONICS ENGINEERING ( EST130 ) 
MCE22ECE019,Electronics and Computer Engineering,BASICS OF ELECTRICAL AND ELECTRONICS ENGINEERING ( EST130 ) 
MCE22ECE022,Electronics and Computer Engineering,BASICS OF ELECTRICAL AND ELECTRONICS ENGINEERING ( EST130 ) 
MCE22ECE024,Electronics and Computer Engineering,BASICS OF ELECTRICAL AND ELECTRONICS ENGINEERING ( EST130 ) 
MCE22ECE028,Electronics and Computer Engineering,BASICS OF ELECTRICAL AND ELECTRONICS ENGINEERING ( EST130 ) 
MCE22ECE030,Electronics and Computer Engineering,BASICS OF ELECTRICAL AND ELECTRONICS ENGINEERING ( EST130 ) 
MCE23ECE001,Electronics and Computer Engineering,BASICS OF ELECTRICAL AND ELECTRONICS ENGINEERING ( EST130 ) 
MCE23ECE002,Electronics and Computer Engineering,BASICS OF ELECTRICAL AND ELECTRONICS ENGINEERING ( EST130 ) 
MCE23ECE003,Electronics and Computer Engineering,BASICS OF ELECTRICAL AND ELECTRONICS ENGINEERING ( EST130 ) 
MCE23ECE004,Electronics and Computer Engineering,BASICS OF ELECTRICAL AND ELECTRONICS ENGINEERING ( EST130 ) 
MCE23ECE005,Electronics and Computer Engineering,BASICS OF ELECTRICAL AND ELECTRONICS ENGINEERING ( EST130 ) 
MCE23ECE006,Electronics and Computer Engineering,BASICS OF ELECTRICAL AND ELECTRONICS ENGINEERING ( EST130 ) 
MCE23ECE007,Electronics and Computer Engineering,BASICS OF ELECTRICAL AND ELECTRONICS ENGINEERING ( EST130 ) 
MCE23ECE008,Electronics and Computer Engineering,BASICS OF ELECTRICAL AND ELECTRONICS ENGINEERING ( EST130 ) 
MCE23ECE009,Electronics and Computer Engineering,BASICS OF ELECTRICAL AND ELECTRONICS ENGINEERING ( EST130 ) 
MCE23ECE010,Electronics and Computer Engineering,BASICS OF ELECTRICAL AND ELECTRONICS ENGINEERING ( EST130 ) 
MCE23ECE011,Electronics and Computer Engineering,BASICS OF ELECTRICAL AND ELECTRONICS ENGINEERING ( EST130 ) 
MCE23ECE012,Electronics and Computer Engineering,BASICS OF ELECTRICAL AND ELECTRONICS ENGINEERING ( EST130 ) 
MCE23ECE013,Electronics and Computer Engineering,BASICS OF ELECTRICAL AND ELECTRONICS ENGINEERING ( EST130 ) 
MCE23ECE014,Electronics and Computer Engineering,BASICS OF ELECTRICAL AND ELECTRONICS ENGINEERING ( EST130 ) 
MCE23ECE015,Electronics and Computer Engineering,BASICS OF ELECTRICAL AND ELECTRONICS ENGINEERING ( EST130 ) 
MCE23ECE016,Electronics and Computer Engineering,BASICS OF ELECTRICAL AND ELECTRONICS ENGINEERING ( EST130 ) 
MCE23ECE017,Electronics and Computer Engineering,BASICS OF ELECTRICAL AND ELECTRONICS ENGINEERING ( EST130 ) 
MCE23ECE018,Electronics and Computer Engineering,BASICS OF ELECTRICAL AND ELECTRONICS ENGINEERING ( EST130 ) 
MCE23ECE019,Electronics and Computer Engineering,BASICS OF ELECTRICAL AND ELECTRONICS ENGINEERING ( EST130 ) 
MCE23ECE020,Electronics and Computer Engineering,BASICS OF ELECTRICAL AND ELECTRONICS ENGINEERING ( EST130 ) 
MCE23ECE021,Electronics and Computer Engineering,BASICS OF ELECTRICAL AND ELECTRONICS ENGINEERING ( EST130 ) 
MCE23ECE022,Electronics and Computer Engineering,BASICS OF ELECTRICAL AND ELECTRONICS ENGINEERING ( EST130 ) 
MCE23ECE023,Electronics and Computer Engineering,BASICS OF ELECTRICAL AND ELECTRONICS ENGINEERING ( EST130 ) 
MCE23ECE024,Electronics and Computer Engineering,BASICS OF ELECTRICAL AND ELECTRONICS ENGINEERING ( EST130 ) 
MCE23ECE025,Electronics and Computer Engineering,BASICS OF ELECTRICAL AND ELECTRONICS ENGINEERING ( EST130 ) 
MCE23ECE026,Electronics and Computer Engineering,BASICS OF ELECTRICAL AND ELECTRONICS ENGINEERING ( EST130 ) 
MCE23ECE027,Electronics and Computer Engineering,BASICS OF ELECTRICAL AND ELECTRONICS ENGINEERING ( EST130 ) 
MCE23ECE028,Electronics and Computer Engineering,BASICS OF ELECTRICAL AND ELECTRONICS ENGINEERING ( EST130 ) 
MCE23ECE029,Electronics and Computer Engineering,BASICS OF ELECTRICAL AND ELECTRONICS ENGINEERING ( EST130 ) 
MCE23ECE030,Electronics and Computer Engineering,BASICS OF ELECTRICAL AND ELECTRONICS ENGINEERING ( EST130 ) 
MCE23ECE031,Electronics and Computer Engineering,BASICS OF ELECTRICAL AND ELECTRONICS ENGINEERING ( EST130 ) 
MCE23ECE032,Electronics and Computer Engineering,BASICS OF ELECTRICAL AND ELECTRONICS ENGINEERING ( EST130 ) 
MCE23ECE033,Electronics and Computer Engineering,BASICS OF ELECTRICAL AND ELECTRONICS ENGINEERING ( EST130 ) 
MCE23ECE034,Electronics and Computer Engineering,BASICS OF ELECTRICAL AND ELECTRONICS ENGINEERING ( EST130 ) 
MCE23ECE035,Electronics and Computer Engineering,BASICS OF ELECTRICAL AND ELECTRONICS ENGINEERING ( EST130 ) 
MCE23ECE036,Electronics and Computer Engineering,BASICS OF ELECTRICAL AND ELECTRONICS ENGINEERING ( EST130 ) 
MCE23ECE037,Electronics and Computer Engineering,BASICS OF ELECTRICAL AND ELECTRONICS ENGINEERING ( EST130 ) 
MCE23ECE038,Electronics and Computer Engineering,BASICS OF ELECTRICAL AND ELECTRONICS ENGINEERING ( EST130 ) 
MCE23ECE039,Electronics and Computer Engineering,BASICS OF ELECTRICAL AND ELECTRONICS ENGINEERING ( EST130 ) 
MCE23ECE040,Electronics and Computer Engineering,BASICS OF ELECTRICAL AND ELECTRONICS ENGINEERING ( EST130 ) 
MCE23ECE041,Electronics and Computer Engineering,BASICS OF ELECTRICAL AND ELECTRONICS ENGINEERING ( EST130 ) 
MCE23ECE042,Electronics and Computer Engineering,BASICS OF ELECTRICAL AND ELECTRONICS ENGINEERING ( EST130 ) 
MCE23ECE043,Electronics and Computer Engineering,BASICS OF ELECTRICAL AND ELECTRONICS ENGINEERING ( EST130 ) 
MCE23ECE044,Electronics and Computer Engineering,BASICS OF ELECTRICAL AND ELECTRONICS ENGINEERING ( EST130 ) 
MCE23ECE045,Electronics and Computer Engineering,BASICS OF ELECTRICAL AND ELECTRONICS ENGINEERING ( EST130 ) 
MCE23ECE046,Electronics and Computer Engineering,BASICS OF ELECTRICAL AND ELECTRONICS ENGINEERING ( EST130 ) 
MCE23ECE047,Electronics and Computer Engineering,BASICS OF ELECTRICAL AND ELECTRONICS ENGINEERING ( EST130 ) 
MCE19ME005,MECHANICAL ENGINEERING,BASICS OF ELECTRICAL AND ELECTRONICS ENGINEERING ( EST130 ) 
MCE19ME024,MECHANICAL ENGINEERING,BASICS OF ELECTRICAL AND ELECTRONICS ENGINEERING ( EST130 ) 
MCE19ME028,MECHANICAL ENGINEERING,BASICS OF ELECTRICAL AND ELECTRONICS ENGINEERING ( EST130 ) 
MCE19ME029,MECHANICAL ENGINEERING,BASICS OF ELECTRICAL AND ELECTRONICS ENGINEERING ( EST130 ) 
MCE19ME041,MECHANICAL ENGINEERING,BASICS OF ELECTRICAL AND ELECTRONICS ENGINEERING ( EST130 ) 
MCE19ME058,MECHANICAL ENGINEERING,BASICS OF ELECTRICAL AND ELECTRONICS ENGINEERING ( EST130 ) 
MCE19ME068,MECHANICAL ENGINEERING,BASICS OF ELECTRICAL AND ELECTRONICS ENGINEERING ( EST130 ) 
MCE20ME010,MECHANICAL ENGINEERING,BASICS OF ELECTRICAL AND ELECTRONICS ENGINEERING ( EST130 ) 
MCE20ME011,MECHANICAL ENGINEERING,BASICS OF ELECTRICAL AND ELECTRONICS ENGINEERING ( EST130 ) 
MCE20ME016,MECHANICAL ENGINEERING,BASICS OF ELECTRICAL AND ELECTRONICS ENGINEERING ( EST130 ) 
MCE20ME036,MECHANICAL ENGINEERING,BASICS OF ELECTRICAL AND ELECTRONICS ENGINEERING ( EST130 ) 
MCE21ME002,MECHANICAL ENGINEERING,BASICS OF ELECTRICAL AND ELECTRONICS ENGINEERING ( EST130 ) 
MCE22ME003,MECHANICAL ENGINEERING,BASICS OF ELECTRICAL AND ELECTRONICS ENGINEERING ( EST130 ) 
MCE22ME004,MECHANICAL ENGINEERING,BASICS OF ELECTRICAL AND ELECTRONICS ENGINEERING ( EST130 ) 
MCE22ME005,MECHANICAL ENGINEERING,BASICS OF ELECTRICAL AND ELECTRONICS ENGINEERING ( EST130 ) 
MCE22ME006,MECHANICAL ENGINEERING,BASICS OF ELECTRICAL AND ELECTRONICS ENGINEERING ( EST130 ) 
MCE22ME008,MECHANICAL ENGINEERING,BASICS OF ELECTRICAL AND ELECTRONICS ENGINEERING ( EST130 ) 
MCE22ME011,MECHANICAL ENGINEERING,BASICS OF ELECTRICAL AND ELECTRONICS ENGINEERING ( EST130 ) 
MCE22ME012,MECHANICAL ENGINEERING,BASICS OF ELECTRICAL AND ELECTRONICS ENGINEERING ( EST130 ) 
MCE22ME019,MECHANICAL ENGINEERING,BASICS OF ELECTRICAL AND ELECTRONICS ENGINEERING ( EST130 ) 
MCE22ME020,MECHANICAL ENGINEERING,BASICS OF ELECTRICAL AND ELECTRONICS ENGINEERING ( EST130 ) 
MCE22ME021,MECHANICAL ENGINEERING,BASICS OF ELECTRICAL AND ELECTRONICS ENGINEERING ( EST130 ) 
MCE22ME023,MECHANICAL ENGINEERING,BASICS OF ELECTRICAL AND ELECTRONICS ENGINEERING ( EST130 ) 
MCE22ME025,MECHANICAL ENGINEERING,BASICS OF ELECTRICAL AND ELECTRONICS ENGINEERING ( EST130 ) 
MCE22ME026,MECHANICAL ENGINEERING,BASICS OF ELECTRICAL AND ELECTRONICS ENGINEERING ( EST130 ) 
MCE22ME029,MECHANICAL ENGINEERING,BASICS OF ELECTRICAL AND ELECTRONICS ENGINEERING ( EST130 ) 
MCE22ME031,MECHANICAL ENGINEERING,BASICS OF ELECTRICAL AND ELECTRONICS ENGINEERING ( EST130 ) 
MCE22ME032,MECHANICAL ENGINEERING,BASICS OF ELECTRICAL AND ELECTRONICS ENGINEERING ( EST130 ) 
MCE22ME034,MECHANICAL ENGINEERING,BASICS OF ELECTRICAL AND ELECTRONICS ENGINEERING ( EST130 ) 
MCE22ME035,MECHANICAL ENGINEERING,BASICS OF ELECTRICAL AND ELECTRONICS ENGINEERING ( EST130 ) 
MCE22ME037,MECHANICAL ENGINEERING,BASICS OF ELECTRICAL AND ELECTRONICS ENGINEERING ( EST130 ) 
MCE22ME038,MECHANICAL ENGINEERING,BASICS OF ELECTRICAL AND ELECTRONICS ENGINEERING ( EST130 ) 
MCE22ME039,MECHANICAL ENGINEERING,BASICS OF ELECTRICAL AND ELECTRONICS ENGINEERING ( EST130 ) 
MCE23ME001,MECHANICAL ENGINEERING,BASICS OF ELECTRICAL AND ELECTRONICS ENGINEERING ( EST130 ) 
MCE23ME002,MECHANICAL ENGINEERING,BASICS OF ELECTRICAL AND ELECTRONICS ENGINEERING ( EST130 ) 
MCE23ME003,MECHANICAL ENGINEERING,BASICS OF ELECTRICAL AND ELECTRONICS ENGINEERING ( EST130 ) 
MCE23ME004,MECHANICAL ENGINEERING,BASICS OF ELECTRICAL AND ELECTRONICS ENGINEERING ( EST130 ) 
MCE23ME005,MECHANICAL ENGINEERING,BASICS OF ELECTRICAL AND ELECTRONICS ENGINEERING ( EST130 ) 
MCE23ME006,MECHANICAL ENGINEERING,BASICS OF ELECTRICAL AND ELECTRONICS ENGINEERING ( EST130 ) 
MCE23ME007,MECHANICAL ENGINEERING,BASICS OF ELECTRICAL AND ELECTRONICS ENGINEERING ( EST130 ) 
MCE23ME008,MECHANICAL ENGINEERING,BASICS OF ELECTRICAL AND ELECTRONICS ENGINEERING ( EST130 ) 
MCE23ME009,MECHANICAL ENGINEERING,BASICS OF ELECTRICAL AND ELECTRONICS ENGINEERING ( EST130 ) 
MCE23ME010,MECHANICAL ENGINEERING,BASICS OF ELECTRICAL AND ELECTRONICS ENGINEERING ( EST130 ) 
MCE23ME011,MECHANICAL ENGINEERING,BASICS OF ELECTRICAL AND ELECTRONICS ENGINEERING ( EST130 ) 
MCE23ME012,MECHANICAL ENGINEERING,BASICS OF ELECTRICAL AND ELECTRONICS ENGINEERING ( EST130 ) 
MCE23ME013,MECHANICAL ENGINEERING,BASICS OF ELECTRICAL AND ELECTRONICS ENGINEERING ( EST130 ) 
MCE23ME014,MECHANICAL ENGINEERING,BASICS OF ELECTRICAL AND ELECTRONICS ENGINEERING ( EST130 ) 
MCE23ME015,MECHANICAL ENGINEERING,BASICS OF ELECTRICAL AND ELECTRONICS ENGINEERING ( EST130 ) 
MCE23ME016,MECHANICAL ENGINEERING,BASICS OF ELECTRICAL AND ELECTRONICS ENGINEERING ( EST130 ) 
MCE23ME017,MECHANICAL ENGINEERING,BASICS OF ELECTRICAL AND ELECTRONICS ENGINEERING ( EST130 ) 
MCE23ME018,MECHANICAL ENGINEERING,BASICS OF ELECTRICAL AND ELECTRONICS ENGINEERING ( EST130 ) 
MCE23ME019,MECHANICAL ENGINEERING,BASICS OF ELECTRICAL AND ELECTRONICS ENGINEERING ( EST130 ) 
MCE23ME020,MECHANICAL ENGINEERING,BASICS OF ELECTRICAL AND ELECTRONICS ENGINEERING ( EST130 ) 
MCE23ME021,MECHANICAL ENGINEERING,BASICS OF ELECTRICAL AND ELECTRONICS ENGINEERING ( EST130 ) 
MCE23ME022,MECHANICAL ENGINEERING,BASICS OF ELECTRICAL AND ELECTRONICS ENGINEERING ( EST130 ) 
MCE23ME023,MECHANICAL ENGINEERING,BASICS OF ELECTRICAL AND ELECTRONICS ENGINEERING ( EST130 ) 
MCE23ME024,MECHANICAL ENGINEERING,BASICS OF ELECTRICAL AND ELECTRONICS ENGINEERING ( EST130 ) 
MCE23ME025,MECHANICAL ENGINEERING,BASICS OF ELECTRICAL AND ELECTRONICS ENGINEERING ( EST130 ) 
MCE23ME026,MECHANICAL ENGINEERING,BASICS OF ELECTRICAL AND ELECTRONICS ENGINEERING ( EST130 ) 
MCE23ME027,MECHANICAL ENGINEERING,BASICS OF ELECTRICAL AND ELECTRONICS ENGINEERING ( EST130 ) 
MCE23ME028,MECHANICAL ENGINEERING,BASICS OF ELECTRICAL AND ELECTRONICS ENGINEERING ( EST130 ) 
MCE23ME029,MECHANICAL ENGINEERING,BASICS OF ELECTRICAL AND ELECTRONICS ENGINEERING ( EST130 ) 
MCE23ME030,MECHANICAL ENGINEERING,BASICS OF ELECTRICAL AND ELECTRONICS ENGINEERING ( EST130 ) 
MCE23ME031,MECHANICAL ENGINEERING,BASICS OF ELECTRICAL AND ELECTRONICS ENGINEERING ( EST130 ) 
MCE23ME032,MECHANICAL ENGINEERING,BASICS OF ELECTRICAL AND ELECTRONICS ENGINEERING ( EST130 ) 
MCE23ME033,MECHANICAL ENGINEERING,BASICS OF ELECTRICAL AND ELECTRONICS ENGINEERING ( EST130 ) 
MCE23ME034,MECHANICAL ENGINEERING,BASICS OF ELECTRICAL AND ELECTRONICS ENGINEERING ( EST130 ) 
MCE23ME035,MECHANICAL ENGINEERING,BASICS OF ELECTRICAL AND ELECTRONICS ENGINEERING ( EST130 ) 
MCE23ME036,MECHANICAL ENGINEERING,BASICS OF ELECTRICAL AND ELECTRONICS ENGINEERING ( EST130 ) 
MCE23ME037,MECHANICAL ENGINEERING,BASICS OF ELECTRICAL AND ELECTRONICS ENGINEERING ( EST130 ) 
MCE23ME038,MECHANICAL ENGINEERING,BASICS OF ELECTRICAL AND ELECTRONICS ENGINEERING ( EST130 ) 
MCE23ME039,MECHANICAL ENGINEERING,BASICS OF ELECTRICAL AND ELECTRONICS ENGINEERING ( EST130 ) 
MCE23ME040,MECHANICAL ENGINEERING,BASICS OF ELECTRICAL AND ELECTRONICS ENGINEERING ( EST130 ) 
MCE23ME041,MECHANICAL ENGINEERING,BASICS OF ELECTRICAL AND ELECTRONICS ENGINEERING ( EST130 ) 