LMCE21CS127,COMPUTER SCIENCE & ENGINEERING,SYSTEM SOFTWARE ( CST305 ) 
MCE19CS038,COMPUTER SCIENCE & ENGINEERING,SYSTEM SOFTWARE ( CST305 ) 
MCE19CS042,COMPUTER SCIENCE & ENGINEERING,SYSTEM SOFTWARE ( CST305 ) 
MCE20CS020,COMPUTER SCIENCE & ENGINEERING,SYSTEM SOFTWARE ( CST305 ) 
MCE20CS032,COMPUTER SCIENCE & ENGINEERING,SYSTEM SOFTWARE ( CST305 ) 
MCE20CS043,COMPUTER SCIENCE & ENGINEERING,SYSTEM SOFTWARE ( CST305 ) 
MCE20CS048,COMPUTER SCIENCE & ENGINEERING,SYSTEM SOFTWARE ( CST305 ) 
MCE20CS087,COMPUTER SCIENCE & ENGINEERING,SYSTEM SOFTWARE ( CST305 ) 
MCE20CS088,COMPUTER SCIENCE & ENGINEERING,SYSTEM SOFTWARE ( CST305 ) 
MCE20CS091,COMPUTER SCIENCE & ENGINEERING,SYSTEM SOFTWARE ( CST305 ) 
MCE20CS111,COMPUTER SCIENCE & ENGINEERING,SYSTEM SOFTWARE ( CST305 ) 
MCE20CS114,COMPUTER SCIENCE & ENGINEERING,SYSTEM SOFTWARE ( CST305 ) 
MCE20CS116,COMPUTER SCIENCE & ENGINEERING,SYSTEM SOFTWARE ( CST305 ) 
MCE20CS119,COMPUTER SCIENCE & ENGINEERING,SYSTEM SOFTWARE ( CST305 ) 
MCE20CS125,COMPUTER SCIENCE & ENGINEERING,SYSTEM SOFTWARE ( CST305 ) 
MCE21CS001,COMPUTER SCIENCE & ENGINEERING,SYSTEM SOFTWARE ( CST305 ) 
MCE21CS002,COMPUTER SCIENCE & ENGINEERING,SYSTEM SOFTWARE ( CST305 ) 
MCE21CS003,COMPUTER SCIENCE & ENGINEERING,SYSTEM SOFTWARE ( CST305 ) 
MCE21CS004,COMPUTER SCIENCE & ENGINEERING,SYSTEM SOFTWARE ( CST305 ) 
MCE21CS005,COMPUTER SCIENCE & ENGINEERING,SYSTEM SOFTWARE ( CST305 ) 
MCE21CS006,COMPUTER SCIENCE & ENGINEERING,SYSTEM SOFTWARE ( CST305 ) 
MCE21CS007,COMPUTER SCIENCE & ENGINEERING,SYSTEM SOFTWARE ( CST305 ) 
MCE21CS008,COMPUTER SCIENCE & ENGINEERING,SYSTEM SOFTWARE ( CST305 ) 
MCE21CS009,COMPUTER SCIENCE & ENGINEERING,SYSTEM SOFTWARE ( CST305 ) 
MCE21CS010,COMPUTER SCIENCE & ENGINEERING,SYSTEM SOFTWARE ( CST305 ) 
MCE21CS011,COMPUTER SCIENCE & ENGINEERING,SYSTEM SOFTWARE ( CST305 ) 
MCE21CS012,COMPUTER SCIENCE & ENGINEERING,SYSTEM SOFTWARE ( CST305 ) 
MCE21CS013,COMPUTER SCIENCE & ENGINEERING,SYSTEM SOFTWARE ( CST305 ) 
MCE21CS015,COMPUTER SCIENCE & ENGINEERING,SYSTEM SOFTWARE ( CST305 ) 
MCE21CS016,COMPUTER SCIENCE & ENGINEERING,SYSTEM SOFTWARE ( CST305 ) 
MCE21CS017,COMPUTER SCIENCE & ENGINEERING,SYSTEM SOFTWARE ( CST305 ) 
MCE21CS018,COMPUTER SCIENCE & ENGINEERING,SYSTEM SOFTWARE ( CST305 ) 
MCE21CS019,COMPUTER SCIENCE & ENGINEERING,SYSTEM SOFTWARE ( CST305 ) 
MCE21CS020,COMPUTER SCIENCE & ENGINEERING,SYSTEM SOFTWARE ( CST305 ) 
MCE21CS021,COMPUTER SCIENCE & ENGINEERING,SYSTEM SOFTWARE ( CST305 ) 
MCE21CS022,COMPUTER SCIENCE & ENGINEERING,SYSTEM SOFTWARE ( CST305 ) 
MCE21CS023,COMPUTER SCIENCE & ENGINEERING,SYSTEM SOFTWARE ( CST305 ) 
MCE21CS024,COMPUTER SCIENCE & ENGINEERING,SYSTEM SOFTWARE ( CST305 ) 
MCE21CS025,COMPUTER SCIENCE & ENGINEERING,SYSTEM SOFTWARE ( CST305 ) 
MCE21CS026,COMPUTER SCIENCE & ENGINEERING,SYSTEM SOFTWARE ( CST305 ) 
MCE21CS027,COMPUTER SCIENCE & ENGINEERING,SYSTEM SOFTWARE ( CST305 ) 
MCE21CS028,COMPUTER SCIENCE & ENGINEERING,SYSTEM SOFTWARE ( CST305 ) 
MCE21CS029,COMPUTER SCIENCE & ENGINEERING,SYSTEM SOFTWARE ( CST305 ) 
MCE21CS030,COMPUTER SCIENCE & ENGINEERING,SYSTEM SOFTWARE ( CST305 ) 
MCE21CS031,COMPUTER SCIENCE & ENGINEERING,SYSTEM SOFTWARE ( CST305 ) 
MCE21CS032,COMPUTER SCIENCE & ENGINEERING,SYSTEM SOFTWARE ( CST305 ) 
MCE21CS033,COMPUTER SCIENCE & ENGINEERING,SYSTEM SOFTWARE ( CST305 ) 
MCE21CS035,COMPUTER SCIENCE & ENGINEERING,SYSTEM SOFTWARE ( CST305 ) 
MCE21CS036,COMPUTER SCIENCE & ENGINEERING,SYSTEM SOFTWARE ( CST305 ) 
MCE21CS037,COMPUTER SCIENCE & ENGINEERING,SYSTEM SOFTWARE ( CST305 ) 
MCE21CS038,COMPUTER SCIENCE & ENGINEERING,SYSTEM SOFTWARE ( CST305 ) 
MCE21CS039,COMPUTER SCIENCE & ENGINEERING,SYSTEM SOFTWARE ( CST305 ) 
MCE21CS040,COMPUTER SCIENCE & ENGINEERING,SYSTEM SOFTWARE ( CST305 ) 
MCE21CS041,COMPUTER SCIENCE & ENGINEERING,SYSTEM SOFTWARE ( CST305 ) 
MCE21CS042,COMPUTER SCIENCE & ENGINEERING,SYSTEM SOFTWARE ( CST305 ) 
MCE21CS043,COMPUTER SCIENCE & ENGINEERING,SYSTEM SOFTWARE ( CST305 ) 
MCE21CS044,COMPUTER SCIENCE & ENGINEERING,SYSTEM SOFTWARE ( CST305 ) 
MCE21CS045,COMPUTER SCIENCE & ENGINEERING,SYSTEM SOFTWARE ( CST305 ) 
MCE21CS046,COMPUTER SCIENCE & ENGINEERING,SYSTEM SOFTWARE ( CST305 ) 
MCE21CS047,COMPUTER SCIENCE & ENGINEERING,SYSTEM SOFTWARE ( CST305 ) 
MCE21CS048,COMPUTER SCIENCE & ENGINEERING,SYSTEM SOFTWARE ( CST305 ) 
MCE21CS049,COMPUTER SCIENCE & ENGINEERING,SYSTEM SOFTWARE ( CST305 ) 
MCE21CS050,COMPUTER SCIENCE & ENGINEERING,SYSTEM SOFTWARE ( CST305 ) 
MCE21CS051,COMPUTER SCIENCE & ENGINEERING,SYSTEM SOFTWARE ( CST305 ) 
MCE21CS053,COMPUTER SCIENCE & ENGINEERING,SYSTEM SOFTWARE ( CST305 ) 
MCE21CS054,COMPUTER SCIENCE & ENGINEERING,SYSTEM SOFTWARE ( CST305 ) 
MCE21CS055,COMPUTER SCIENCE & ENGINEERING,SYSTEM SOFTWARE ( CST305 ) 
MCE21CS056,COMPUTER SCIENCE & ENGINEERING,SYSTEM SOFTWARE ( CST305 ) 
MCE21CS057,COMPUTER SCIENCE & ENGINEERING,SYSTEM SOFTWARE ( CST305 ) 
MCE21CS058,COMPUTER SCIENCE & ENGINEERING,SYSTEM SOFTWARE ( CST305 ) 
MCE21CS059,COMPUTER SCIENCE & ENGINEERING,SYSTEM SOFTWARE ( CST305 ) 
MCE21CS060,COMPUTER SCIENCE & ENGINEERING,SYSTEM SOFTWARE ( CST305 ) 
MCE21CS061,COMPUTER SCIENCE & ENGINEERING,SYSTEM SOFTWARE ( CST305 ) 
MCE21CS062,COMPUTER SCIENCE & ENGINEERING,SYSTEM SOFTWARE ( CST305 ) 
MCE21CS063,COMPUTER SCIENCE & ENGINEERING,SYSTEM SOFTWARE ( CST305 ) 
MCE21CS064,COMPUTER SCIENCE & ENGINEERING,SYSTEM SOFTWARE ( CST305 ) 
MCE21CS065,COMPUTER SCIENCE & ENGINEERING,SYSTEM SOFTWARE ( CST305 ) 
MCE21CS066,COMPUTER SCIENCE & ENGINEERING,SYSTEM SOFTWARE ( CST305 ) 
MCE21CS067,COMPUTER SCIENCE & ENGINEERING,SYSTEM SOFTWARE ( CST305 ) 
MCE21CS070,COMPUTER SCIENCE & ENGINEERING,SYSTEM SOFTWARE ( CST305 ) 
MCE21CS071,COMPUTER SCIENCE & ENGINEERING,SYSTEM SOFTWARE ( CST305 ) 
MCE21CS072,COMPUTER SCIENCE & ENGINEERING,SYSTEM SOFTWARE ( CST305 ) 
MCE21CS073,COMPUTER SCIENCE & ENGINEERING,SYSTEM SOFTWARE ( CST305 ) 
MCE21CS074,COMPUTER SCIENCE & ENGINEERING,SYSTEM SOFTWARE ( CST305 ) 
MCE21CS075,COMPUTER SCIENCE & ENGINEERING,SYSTEM SOFTWARE ( CST305 ) 
MCE21CS076,COMPUTER SCIENCE & ENGINEERING,SYSTEM SOFTWARE ( CST305 ) 
MCE21CS078,COMPUTER SCIENCE & ENGINEERING,SYSTEM SOFTWARE ( CST305 ) 
MCE21CS079,COMPUTER SCIENCE & ENGINEERING,SYSTEM SOFTWARE ( CST305 ) 
MCE21CS080,COMPUTER SCIENCE & ENGINEERING,SYSTEM SOFTWARE ( CST305 ) 
MCE21CS081,COMPUTER SCIENCE & ENGINEERING,SYSTEM SOFTWARE ( CST305 ) 
MCE21CS082,COMPUTER SCIENCE & ENGINEERING,SYSTEM SOFTWARE ( CST305 ) 
MCE21CS083,COMPUTER SCIENCE & ENGINEERING,SYSTEM SOFTWARE ( CST305 ) 
MCE21CS084,COMPUTER SCIENCE & ENGINEERING,SYSTEM SOFTWARE ( CST305 ) 
MCE21CS085,COMPUTER SCIENCE & ENGINEERING,SYSTEM SOFTWARE ( CST305 ) 
MCE21CS086,COMPUTER SCIENCE & ENGINEERING,SYSTEM SOFTWARE ( CST305 ) 
MCE21CS087,COMPUTER SCIENCE & ENGINEERING,SYSTEM SOFTWARE ( CST305 ) 
MCE21CS088,COMPUTER SCIENCE & ENGINEERING,SYSTEM SOFTWARE ( CST305 ) 
MCE21CS089,COMPUTER SCIENCE & ENGINEERING,SYSTEM SOFTWARE ( CST305 ) 
MCE21CS090,COMPUTER SCIENCE & ENGINEERING,SYSTEM SOFTWARE ( CST305 ) 
MCE21CS091,COMPUTER SCIENCE & ENGINEERING,SYSTEM SOFTWARE ( CST305 ) 
MCE21CS093,COMPUTER SCIENCE & ENGINEERING,SYSTEM SOFTWARE ( CST305 ) 
MCE21CS094,COMPUTER SCIENCE & ENGINEERING,SYSTEM SOFTWARE ( CST305 ) 
MCE21CS095,COMPUTER SCIENCE & ENGINEERING,SYSTEM SOFTWARE ( CST305 ) 
MCE21CS096,COMPUTER SCIENCE & ENGINEERING,SYSTEM SOFTWARE ( CST305 ) 
MCE21CS097,COMPUTER SCIENCE & ENGINEERING,SYSTEM SOFTWARE ( CST305 ) 
MCE21CS098,COMPUTER SCIENCE & ENGINEERING,SYSTEM SOFTWARE ( CST305 ) 
MCE21CS099,COMPUTER SCIENCE & ENGINEERING,SYSTEM SOFTWARE ( CST305 ) 
MCE21CS100,COMPUTER SCIENCE & ENGINEERING,SYSTEM SOFTWARE ( CST305 ) 
MCE21CS101,COMPUTER SCIENCE & ENGINEERING,SYSTEM SOFTWARE ( CST305 ) 
MCE21CS102,COMPUTER SCIENCE & ENGINEERING,SYSTEM SOFTWARE ( CST305 ) 
MCE21CS103,COMPUTER SCIENCE & ENGINEERING,SYSTEM SOFTWARE ( CST305 ) 
MCE21CS104,COMPUTER SCIENCE & ENGINEERING,SYSTEM SOFTWARE ( CST305 ) 
MCE21CS105,COMPUTER SCIENCE & ENGINEERING,SYSTEM SOFTWARE ( CST305 ) 
MCE21CS106,COMPUTER SCIENCE & ENGINEERING,SYSTEM SOFTWARE ( CST305 ) 
MCE21CS107,COMPUTER SCIENCE & ENGINEERING,SYSTEM SOFTWARE ( CST305 ) 
MCE21CS108,COMPUTER SCIENCE & ENGINEERING,SYSTEM SOFTWARE ( CST305 ) 
MCE21CS109,COMPUTER SCIENCE & ENGINEERING,SYSTEM SOFTWARE ( CST305 ) 
MCE21CS110,COMPUTER SCIENCE & ENGINEERING,SYSTEM SOFTWARE ( CST305 ) 
MCE21CS112,COMPUTER SCIENCE & ENGINEERING,SYSTEM SOFTWARE ( CST305 ) 
MCE21CS113,COMPUTER SCIENCE & ENGINEERING,SYSTEM SOFTWARE ( CST305 ) 
MCE21CS114,COMPUTER SCIENCE & ENGINEERING,SYSTEM SOFTWARE ( CST305 ) 
MCE21CS115,COMPUTER SCIENCE & ENGINEERING,SYSTEM SOFTWARE ( CST305 ) 
MCE21CS116,COMPUTER SCIENCE & ENGINEERING,SYSTEM SOFTWARE ( CST305 ) 
MCE21CS117,COMPUTER SCIENCE & ENGINEERING,SYSTEM SOFTWARE ( CST305 ) 
MCE21CS118,COMPUTER SCIENCE & ENGINEERING,SYSTEM SOFTWARE ( CST305 ) 
MCE21CS119,COMPUTER SCIENCE & ENGINEERING,SYSTEM SOFTWARE ( CST305 ) 
MCE21CS121,COMPUTER SCIENCE & ENGINEERING,SYSTEM SOFTWARE ( CST305 ) 
MCE21CS122,COMPUTER SCIENCE & ENGINEERING,SYSTEM SOFTWARE ( CST305 ) 
MCE21CS123,COMPUTER SCIENCE & ENGINEERING,SYSTEM SOFTWARE ( CST305 ) 
MCE21CS124,COMPUTER SCIENCE & ENGINEERING,SYSTEM SOFTWARE ( CST305 ) 
MCE21CS125,COMPUTER SCIENCE & ENGINEERING,SYSTEM SOFTWARE ( CST305 ) 
MCE21CS126,COMPUTER SCIENCE & ENGINEERING,SYSTEM SOFTWARE ( CST305 ) 
RIE21CS002,COMPUTER SCIENCE & ENGINEERING,SYSTEM SOFTWARE ( CST305 ) 