MCE19EC004,ELECTRONICS & COMMUNICATION ENGG, MAT204 
MCE19EC007,ELECTRONICS & COMMUNICATION ENGG, MAT204 
MCE19EC014,ELECTRONICS & COMMUNICATION ENGG, MAT204 
MCE19EC016,ELECTRONICS & COMMUNICATION ENGG, MAT204 
MCE19EC020,ELECTRONICS & COMMUNICATION ENGG, MAT204 
MCE19EC026,ELECTRONICS & COMMUNICATION ENGG, MAT204 
MCE19EC027,ELECTRONICS & COMMUNICATION ENGG, MAT204 
MCE20EC007,ELECTRONICS & COMMUNICATION ENGG, MAT204 
MCE20EC019,ELECTRONICS & COMMUNICATION ENGG, MAT204 
MCE20EC031,ELECTRONICS & COMMUNICATION ENGG, MAT204 
MCE20EC038,ELECTRONICS & COMMUNICATION ENGG, MAT204 
MCE21EC001,ELECTRONICS & COMMUNICATION ENGG, MAT204 
MCE21EC002,ELECTRONICS & COMMUNICATION ENGG, MAT204 
MCE21EC003,ELECTRONICS & COMMUNICATION ENGG, MAT204 
MCE21EC004,ELECTRONICS & COMMUNICATION ENGG, MAT204 
MCE21EC005,ELECTRONICS & COMMUNICATION ENGG, MAT204 
MCE21EC006,ELECTRONICS & COMMUNICATION ENGG, MAT204 
MCE21EC007,ELECTRONICS & COMMUNICATION ENGG, MAT204 
MCE21EC008,ELECTRONICS & COMMUNICATION ENGG, MAT204 
MCE21EC009,ELECTRONICS & COMMUNICATION ENGG, MAT204 
MCE21EC010,ELECTRONICS & COMMUNICATION ENGG, MAT204 
MCE21EC012,ELECTRONICS & COMMUNICATION ENGG, MAT204 
MCE21EC013,ELECTRONICS & COMMUNICATION ENGG, MAT204 
MCE21EC014,ELECTRONICS & COMMUNICATION ENGG, MAT204 
MCE21EC015,ELECTRONICS & COMMUNICATION ENGG, MAT204 
MCE21EC016,ELECTRONICS & COMMUNICATION ENGG, MAT204 
MCE21EC018,ELECTRONICS & COMMUNICATION ENGG, MAT204 
MCE21EC019,ELECTRONICS & COMMUNICATION ENGG, MAT204 
MCE21EC020,ELECTRONICS & COMMUNICATION ENGG, MAT204 
MCE21EC021,ELECTRONICS & COMMUNICATION ENGG, MAT204 
MCE21EC022,ELECTRONICS & COMMUNICATION ENGG, MAT204 
MCE21EC023,ELECTRONICS & COMMUNICATION ENGG, MAT204 
MCE21EC025,ELECTRONICS & COMMUNICATION ENGG, MAT204 
MCE21EC026,ELECTRONICS & COMMUNICATION ENGG, MAT204 
MCE21EC027,ELECTRONICS & COMMUNICATION ENGG, MAT204 
MCE21EC028,ELECTRONICS & COMMUNICATION ENGG, MAT204 
MCE21EC029,ELECTRONICS & COMMUNICATION ENGG, MAT204 
MCE21EC030,ELECTRONICS & COMMUNICATION ENGG, MAT204 
MCE21EC031,ELECTRONICS & COMMUNICATION ENGG, MAT204 
MCE21EC032,ELECTRONICS & COMMUNICATION ENGG, MAT204 
MCE21EC033,ELECTRONICS & COMMUNICATION ENGG, MAT204 
MCE21EC034,ELECTRONICS & COMMUNICATION ENGG, MAT204 
MCE21EC035,ELECTRONICS & COMMUNICATION ENGG, MAT204 
MCE21EC036,ELECTRONICS & COMMUNICATION ENGG, MAT204 
MCE21EC037,ELECTRONICS & COMMUNICATION ENGG, MAT204 
MCE21EC038,ELECTRONICS & COMMUNICATION ENGG, MAT204 
MCE21EC040,ELECTRONICS & COMMUNICATION ENGG, MAT204 
MCE21EC041,ELECTRONICS & COMMUNICATION ENGG, MAT204 
MCE21EC042,ELECTRONICS & COMMUNICATION ENGG, MAT204 
MCE21EC043,ELECTRONICS & COMMUNICATION ENGG, MAT204 
MCE21EC044,ELECTRONICS & COMMUNICATION ENGG, MAT204 
MCE21EC045,ELECTRONICS & COMMUNICATION ENGG, MAT204 
MCE21EC046,ELECTRONICS & COMMUNICATION ENGG, MAT204 
MCE21EC047,ELECTRONICS & COMMUNICATION ENGG, MAT204 
LMCE21EC049,ELECTRONICS & COMMUNICATION ENGG, MAT204 
LMCE21EC050,ELECTRONICS & COMMUNICATION ENGG, MAT204 
LMCE21EC051,ELECTRONICS & COMMUNICATION ENGG, MAT204
MCE19EE004,ELECTRICAL AND ELECTRONICS ENGINEERING, MAT204 
MCE19EE016,ELECTRICAL AND ELECTRONICS ENGINEERING, MAT204 
MCE20EE011,ELECTRICAL AND ELECTRONICS ENGINEERING, MAT204 
MCE21EE001,ELECTRICAL AND ELECTRONICS ENGINEERING, MAT204 
MCE21EE002,ELECTRICAL AND ELECTRONICS ENGINEERING, MAT204 
MCE21EE003,ELECTRICAL AND ELECTRONICS ENGINEERING, MAT204 
MCE21EE004,ELECTRICAL AND ELECTRONICS ENGINEERING, MAT204 
MCE21EE005,ELECTRICAL AND ELECTRONICS ENGINEERING, MAT204 
MCE21EE006,ELECTRICAL AND ELECTRONICS ENGINEERING, MAT204 
MCE21EE007,ELECTRICAL AND ELECTRONICS ENGINEERING, MAT204 
MCE21EE008,ELECTRICAL AND ELECTRONICS ENGINEERING, MAT204 
MCE21EE009,ELECTRICAL AND ELECTRONICS ENGINEERING, MAT204 
MCE21EE010,ELECTRICAL AND ELECTRONICS ENGINEERING, MAT204 
MCE21EE011,ELECTRICAL AND ELECTRONICS ENGINEERING, MAT204 
MCE21EE012,ELECTRICAL AND ELECTRONICS ENGINEERING, MAT204 
LMCE21EE013,ELECTRICAL AND ELECTRONICS ENGINEERING, MAT204 